{
  "Type": "PlayerModel",
  "Properties": {
    "Translation": {
      "Name": "example.Example_BodyCharacteristic_Kweebec.name"
    }
  },
  "CosmeticSlot": "BodyCharacteristic",
  "HiddenCosmeticSlots": [
    "Haircut",
    "Ears",
    "Face"
  ],
  "Appearance": {
    "Type": "Variant",
    "Variants": {
      "Rootling": {
        "Properties": {
          "Translation": {
            "Name": "Rootling"
          }
        },
        "Model": "Kweebec_Rootling",
        "TextureConfig": {
          "Texture": "NPC/Intelligent/Kweebec_Rootling/Kweebec_Rootling.png"
        }
      },
      "Sapling": {
        "Properties": {
          "Translation": {
            "Name": "Sapling"
          }
        },
        "Model": "Kweebec_Sapling",
        "TextureConfig": {
          "Type": "Variant",
          "Variants": {
            "Brown": {
              "Properties": {
                "Translation": {
                  "Name": "Brown"
                }
              },
              "Texture": "NPC/Intelligent/Kweebec_Sapling/Models/Model_Textures/Brown.png",
              "WardrobeColor": [
                "#5C3827"
              ]
            },
            "Brown_Dark": {
              "Properties": {
                "Translation": {
                  "Name": "Brown_Dark"
                }
              },
              "Texture": "NPC/Intelligent/Kweebec_Sapling/Models/Model_Textures/Brown_Dark.png",
              "WardrobeColor": [
                "#3D2219"
              ]
            },
            "Green": {
              "Properties": {
                "Translation": {
                  "Name": "Green"
                }
              },
              "Texture": "NPC/Intelligent/Kweebec_Sapling/Models/Model_Textures/Green.png",
              "WardrobeColor": [
                "#4F8770"
              ]
            },
            "Red": {
              "Properties": {
                "Translation": {
                  "Name": "Red"
                }
              },
              "Texture": "NPC/Intelligent/Kweebec_Sapling/Models/Model_Textures/Red.png",
              "WardrobeColor": [
                "#78231A"
              ]
            },
            "Pink": {
              "Properties": {
                "Translation": {
                  "Name": "Pink"
                }
              },
              "Texture": "NPC/Intelligent/Kweebec_Sapling/Models/Model_Textures/Pink.png",
              "WardrobeColor": [
                "#9A2F27"
              ]
            },
            "Yellow": {
              "Properties": {
                "Translation": {
                  "Name": "Yellow"
                }
              },
              "Texture": "NPC/Intelligent/Kweebec_Sapling/Models/Model_Textures/Yellow.png",
              "WardrobeColor": [
                "#AE4A1D"
              ]
            },
            "Orange": {
              "Properties": {
                "Translation": {
                  "Name": "Orange"
                }
              },
              "Texture": "NPC/Intelligent/Kweebec_Sapling/Models/Model_Textures/Orange.png",
              "WardrobeColor": [
                "#98351D"
              ]
            }
          }
        }
      },
      "Sproutling": {
        "Properties": {
          "Translation": {
            "Name": "Sproutling"
          }
        },
        "Model": "Kweebec_Sproutling",
        "TextureConfig": {
          "Type": "Variant",
          "Variants": {
            "Lime": {
              "Properties": {
                "Translation": {
                  "Name": "Lime"
                }
              },
              "Texture": "NPC/Intelligent/Kweebec_Sproutling/Models/Model_Textures/Lime.png",
              "WardrobeColor": [
                "#838330"
              ]
            },
            "Blue": {
              "Properties": {
                "Translation": {
                  "Name": "Blue"
                }
              },
              "Texture": "NPC/Intelligent/Kweebec_Sproutling/Models/Model_Textures/Blue.png",
              "WardrobeColor": [
                "#36745B"
              ]
            },
            "Green": {
              "Properties": {
                "Translation": {
                  "Name": "Green"
                }
              },
              "Texture": "NPC/Intelligent/Kweebec_Sproutling/Models/Model_Textures/Green.png",
              "WardrobeColor": [
                "#5E7042"
              ]
            }
          }
        }
      }
    }
  }
}
