{
  "Type": "PlayerModel",
  "Properties": {
    "Translation": {
      "Name": "example.Example_BodyCharacteristic_Kweebec.name"
    }
  },
  "CosmeticSlot": "BodyCharacteristic",
  "HiddenCosmeticSlots": [
    "Haircut",
    "Ears",
    "Face",
    "Eyes"
  ],
  "Appearance": {
    "Type": "Variant",
    "Variants": {
      "Goblin": {
        "Properties": {
          "Translation": {
            "Name": "Goblin"
          }
        },
        "Model": "Goblin",
        "TextureConfig": {
          "Type": "Variant",
          "Variants": {
            "Moldy": {
              "Properties": {
                "Translation": {
                  "Name": "Moldy"
                }
              },
              "Texture": "NPC/Intelligent/Goblin/Models/Model_Textures/Moldy.png",
              "WardrobeColor": [
                "#8D943B"
              ]
            },
            "Vapid": {
              "Properties": {
                "Translation": {
                  "Name": "Vapid"
                }
              },
              "Texture": "NPC/Intelligent/Goblin/Models/Model_Textures/Vapid.png",
              "WardrobeColor": [
                "#7B725D"
              ]
            },
            "Muddy": {
              "Properties": {
                "Translation": {
                  "Name": "Muddy"
                }
              },
              "Texture": "NPC/Intelligent/Goblin/Models/Model_Textures/Muddy.png",
              "WardrobeColor": [
                "#7C5F29"
              ]
            }
          }
        }
      }
    }
  }
}
