{
  "Type": "PlayerModel",
  "Properties": {
    "Translation": {
      "Name": "example.Example_BodyCharacteristic_Kweebec.name"
    }
  },
  "CosmeticSlot": "BodyCharacteristic",
  "HiddenCosmeticSlots": [
    "Haircut",
    "Ears",
    "Face"
  ],
  "Appearance": {
    "Type": "Variant",
    "Variants": {
      "Feran": {
        "Model": "Feran",
        "Properties": {
          "Translation": {
            "Name": "Feran"
          }
        },
        "TextureConfig": {
          "Type": "Variant",
          "Variants": {
            "Fox": {
              "Properties": {
                "Translation": {
                  "Name": "Fox"
                }
              },
              "Texture": "NPC/Intelligent/Feran/Models/Model_Foxy.png",
              "WardrobeColor": [
                "#C35817"
              ]
            },
            "White": {
              "Properties": {
                "Translation": {
                  "Name": "White"
                }
              },
              "Texture": "NPC/Intelligent/Feran/Models/Model_White.png",
              "WardrobeColor": [
                "#FFFFFF"
              ]
            },
            "Ginger": {
              "Properties": {
                "Translation": {
                  "Name": "Ginger"
                }
              },
              "Texture": "NPC/Intelligent/Feran/Models/Model_Ginger.png",
              "WardrobeColor": [
                "#B06500"
              ]
            }
          }
        }
      },
      "Feran_Cub": {
        "Properties": {
          "Translation": {
            "Name": "Feran_Cub"
          }
        },
        "Model": "Feran_Cub",
        "TextureConfig": {
          "Texture": "NPC/Intelligent/Feran_Cub/Models/Texture.png"
        }
      }
    }
  }
}
