{
  "Type": "PlayerModel",
  "Properties": {
    "Translation": {
      "Name": "example.Example_BodyCharacteristic_Kweebec.name"
    }
  },
  "CosmeticSlot": "BodyCharacteristic",
  "HiddenCosmeticSlots": [
    "Haircut",
    "Ears",
    "Face"
  ],
  "Appearance": {
    "Type": "Variant",
    "Variants": {
      "Slothian": {
        "Properties": {
          "Translation": {
            "Name": "Slothian"
          }
        },
        "Model": "Slothian",
        "TextureConfig": {
          "Type": "Variant",
          "Variants": {
            "Gray": {
              "Properties": {
                "Translation": {
                  "Name": "Gray"
                }
              },
              "Texture": "NPC/Intelligent/Slothian/Models/Gray_Texture.png",
              "WardrobeColor": [
                "#D0D0D4"
              ]
            },
            "Red": {
              "Properties": {
                "Translation": {
                  "Name": "Red"
                }
              },
              "Texture": "NPC/Intelligent/Slothian/Models/Red_Texture.png",
              "WardrobeColor": [
                "#8B3F1A"
              ]
            },
            "Brown": {
              "Properties": {
                "Translation": {
                  "Name": "Brown"
                }
              },
              "Texture": "NPC/Intelligent/Slothian/Models/Brown_Texture.png",
              "WardrobeColor": [
                "#58483E"
              ]
            },
            "Blond": {
              "Properties": {
                "Translation": {
                  "Name": "Blond"
                }
              },
              "Texture": "NPC/Intelligent/Slothian/Models/Blond_Texture.png",
              "WardrobeColor": [
                "#AF9A7C"
              ]
            }
          }
        }
      },
      "Slothian_Elder": {
        "Properties": {
          "Translation": {
            "Name": "Slothian_Elder"
          }
        },
        "Model": "Slothian_Elder",
        "TextureConfig": {
          "Texture": "NPC/Intelligent/Slothian_Elder/Models/Texture.png"
        }
      },
      "Slothian_Kid": {
        "Properties": {
          "Translation": {
            "Name": "Slothian"
          }
        },
        "Model": "Slothian_Kid",
        "TextureConfig": {
          "Texture": "NPC/Intelligent/Slothian_Kid/Models/Texture.png"
        }
      }
    }
  }
}
