{
  "Type": "PlayerModel",
  "Properties": {
    "Translation": {
      "Name": "example.Example_BodyCharacteristic_Kweebec.name"
    }
  },
  "CosmeticSlot": "BodyCharacteristic",
  "HiddenCosmeticSlots": [
    "Haircut",
    "Ears",
    "Face"
  ],
  "Appearance": {
    "Type": "Variant",
    "Variants": {
      "Tuluk": {
        "Properties": {
          "Translation": {
            "Name": "Tuluk"
          }
        },
        "Model": "Tuluk",
        "TextureConfig": {
          "Texture": "NPC/Intelligent/Tuluk/Models/Model_Brown.png"
        }
      }
    }
  }
}
