{
  "Type": "PlayerModel",
  "Properties": {
    "Translation": {
      "Name": "example.Example_BodyCharacteristic_Kweebec.name"
    }
  },
  "CosmeticSlot": "BodyCharacteristic",
  "HiddenCosmeticSlots": [
    "Haircut",
    "Ears",
    "Face",
    "Eyes",
    "Mouth"
  ],
  "Appearance": {
    "Type": "Variant",
    "Variants": {
      "Klops": {
        "Properties": {
          "Translation": {
            "Name": "Klops"
          }
        },
        "Model": "Klops",
        "TextureConfig": {
          "Type": "Variant",
          "Variants": {
            "Green": {
              "Properties": {
                "Translation": {
                  "Name": "Green"
                }
              },
              "Texture": "NPC/Intelligent/Klops/Models/Model_default.png",
              "WardrobeColor": [
                "#D4C941"
              ]
            },
            "Orange": {
              "Properties": {
                "Translation": {
                  "Name": "Orange"
                }
              },
              "Texture": "NPC/Intelligent/Klops/Models/Model_Orange.png",
              "WardrobeColor": [
                "#D3B04A"
              ]
            }
          }
        }
      }
    }
  }
}
