{
  "Type": "PlayerModel",
  "Properties": {
    "Translation": {
      "Name": "example.Example_BodyCharacteristic_Kweebec.name"
    }
  },
  "CosmeticSlot": "BodyCharacteristic",
  "HiddenCosmeticSlots": [
    "Haircut",
    "Ears",
    "Face"
  ],
  "Appearance": {
    "Type": "Variant",
    "Variants": {
      "Trork": {
        "Properties": {
          "Translation": {
            "Name": "Trork"
          }
        },
        "Model": "Trork",
        "TextureConfig": {
          "Type": "Variant",
          "Variants": {
            "Blue_Dark": {
              "Properties": {
                "Translation": {
                  "Name": "Blue_Dark"
                }
              },
              "Texture": "NPC/Intelligent/Trork/Models/Model_Textures/Blue_Dark.png",
              "WardrobeColor": [
                "#29395A"
              ]
            },
            "Blue": {
              "Properties": {
                "Translation": {
                  "Name": "Blue"
                }
              },
              "Texture": "NPC/Intelligent/Trork/Models/Model_Textures/Blue.png",
              "WardrobeColor": [
                "#A4C7C2"
              ]
            },
            "Chieftan": {
              "Properties": {
                "Translation": {
                  "Name": "Chieftan"
                }
              },
              "Texture": "NPC/Intelligent/Trork/Models/Model_Textures/Chieftain.png",
              "WardrobeColor": [
                "#763E20"
              ]
            },
            "Cyan_Dark": {
              "Properties": {
                "Translation": {
                  "Name": "Cyan_Dark"
                }
              },
              "Texture": "NPC/Intelligent/Trork/Models/Model_Textures/Cyan_Dark.png",
              "WardrobeColor": [
                "#162E32"
              ]
            },
            "Cyan": {
              "Properties": {
                "Translation": {
                  "Name": "Cyan"
                }
              },
              "Texture": "NPC/Intelligent/Trork/Models/Model_Textures/Cyan.png",
              "WardrobeColor": [
                "#3A6D57"
              ]
            },
            "Green": {
              "Properties": {
                "Translation": {
                  "Name": "Green"
                }
              },
              "Texture": "NPC/Intelligent/Trork/Models/Model_Textures/Green.png",
              "WardrobeColor": [
                "#5D7446"
              ]
            },
            "Turquuoise": {
              "Properties": {
                "Translation": {
                  "Name": "Turquoise"
                }
              },
              "Texture": "NPC/Intelligent/Trork/Models/Model_Textures/Turquoise.png",
              "WardrobeColor": [
                "#2C5F51"
              ]
            },
            "Yellow": {
              "Properties": {
                "Translation": {
                  "Name": "Yellow"
                }
              },
              "Texture": "NPC/Intelligent/Trork/Models/Model_Textures/Yellow.png",
              "WardrobeColor": [
                "#6C794A"
              ]
            }
          }
        }
      }
    }
  }
}
