{
  "Type": "PlayerModel",
  "Properties": {
    "Translation": {
      "Name": "example.Example_BodyCharacteristic_Kweebec.name"
    }
  },
  "CosmeticSlot": "BodyCharacteristic",
  "HiddenCosmeticSlots": [
    "Haircut",
    "Ears",
    "Face"
  ],
  "Appearance": {
    "Type": "Variant",
    "Variants": {
      "Outlander": {
        "Properties": {
          "Translation": {
            "Name": "Outlander"
          }
        },
        "Model": "Outlander",
        "TextureConfig": {
          "Texture": "Characters/Player_Textures/Outlander_1.png"
        }
      },
      "Outlander_Brute": {
        "Properties": {
          "Translation": {
            "Name": "Outlander_Brute"
          }
        },
        "Model": "Outlander_Brute",
        "TextureConfig": {
          "Texture": "NPC/Intelligent/Outlander_Brute/Models/Texture.png"
        }
      }
    }
  }
}
