{
  "Type": "PlayerModel",
  "Properties": {
    "Translation": {
      "Name": "example.Example_BodyCharacteristic_Kweebec.name"
    }
  },
  "CosmeticSlot": "BodyCharacteristic",
  "HiddenCosmeticSlots": [
    "Haircut",
    "Ears",
    "Face"
  ],
  "Appearance": {
    "Type": "Variant",
    "Variants": {
      "Saurian": {
        "Properties": {
          "Translation": {
            "Name": "Saurian"
          }
        },
        "Model": "Saurian",
        "TextureConfig": {
          "Type": "Variant",
          "Variants": {
            "Purple": {
              "Properties": {
                "Translation": {
                  "Name": "Purple"
                }
              },
              "Texture": "NPC/Intelligent/Saurian/Models/Purple.png",
              "WardrobeColor": [
                "#30295F"
              ]
            },
            "Orange": {
              "Properties": {
                "Translation": {
                  "Name": "Orange"
                }
              },
              "Texture": "NPC/Intelligent/Saurian/Models/Orange.png",
              "WardrobeColor": [
                "#FBC449"
              ]
            },
            "Green": {
              "Properties": {
                "Translation": {
                  "Name": "Green"
                }
              },
              "Texture": "NPC/Intelligent/Saurian/Models/Green.png",
              "WardrobeColor": [
                "#7DA944"
              ]
            }
          }
        }
      }
    }
  }
}
